{"type":"archetype","name":"jumpstart","title":"Adds typical setup and dialogs","license":"Apache Software License 2.0","version":"1.3","source":"https://github.com/griffon/griffon-jumpstart-archetype","documentation":"","griffonVersion":"0.9.5 > *","description":"Inspired by [Ubuntu's Quickly][1] this archetype bootstraps an application by\nadding common behavior found in many desktop applications, for example\n\n * main are separated in menu bar, content and status bar\n * typical set of menu actions (Open, Save, Quit, etc)\n * About, Credits, License and Preferences dialogs\n * centers all windows/dialogs on the screen\n * adds a quit confirmation dialog\n\nUsage\n----\nSimply specify the name of the archetype (*jumpstart*) when invoking the `create-app`\ncommand, like this\n\n    griffon create-app sample -archetype=jumpstart\n\nThis will create the following artifacts\n\n **Configuration files**\n \n - griffon-app/conf/Events.groovy\n - griffon-app/i18n/messages.properties\n \n **Models**\n \n - griffon-app/models/sample/AboutModel.groovy\n - griffon-app/models/sample/AbstractDialogModel.groovy\n - griffon-app/models/sample/CreditsModel.groovy\n - griffon-app/models/sample/LicenseModel.groovy\n - griffon-app/models/sample/PreferencesModel.groovy\n \n **Views**\n \n - griffon-app/views/sample/AboutView.groovy\n - griffon-app/views/sample/CreditsView.groovy\n - griffon-app/views/sample/LicenseView.groovy\n - griffon-app/views/sample/PreferencesView.groovy\n - griffon-app/views/sample/SampleActions.groovy\n - griffon-app/views/sample/SampleContent.groovy\n - griffon-app/views/sample/SampleMenuBar.groovy\n - griffon-app/views/sample/SampleStatusBar.groovy\n - griffon-app/views/sample/SampleView.groovy\n \n **Controllers**\n \n - griffon-app/controllers/sample/DialogController.groovy\n - griffon-app/controllers/sample/SampleController.groovy\n\nYou can tweak all artifacts to match you're own needs.\nPay close attention to the conventions specified in the main MVC model. Controller actions\nwill be harvested using the *actions* plugin. All messages are internationalized thanks to\nthe *i18n* plugin, which means you only need to create a messages.properties file that follows\nyour own language conventions.\n \nConfiguration\n-------------\nThe Jumpstart archetype supports Java files too.\nCreate a Java based application with the following command\n\n    griffon create-app sample -archetype=jumpstart -fileType=java\n\n[1]: https://wiki.ubuntu.com/Quickly","authors":[{"name":"Andres Almiray","email":"aalmiray@yahoo.com"}],"dependencies":[],"checksum":"10f4ef26751d1cc53af8e8dc5dc4ed04","comment":"Fix props in messages.properties"}