{"type":"archetype","name":"presentation","title":"Creates interactive presentations","license":"Apache Software License 2.0","version":"1.0","source":"https://github.com/griffon/griffon-presentation-archetype","documentation":"","griffonVersion":"0.9.5 > *","description":"Creates interactive presentations where each slide is a Swing based View. You\ncan even run code inside the slides.\n\nUsage\n----\nSimply specify the name of the archetype (*presentation*) when invoking the `create-app`\ncommand, like this\n\n    griffon create-app sample -archetype=presentation\n    \nThis will configure a default startup MVC group in `griffon-app/conf/Application.groovy`\nplus installing the [slideware][1] plugin and all of its dependencies.\n\nRefer to the documentation of the [slideware][1] plugin to learn more.\n \nConfiguration\n-------------\nNo additional configuration required.\n\n[1]: http://griffon.codehaus.org/Slideware+Plugin","authors":[{"name":"Andres Almiray","email":"aalmiray@yahoo.com"}],"dependencies":[],"checksum":"a4b34803c701d5a48ea72e184c3499e6","comment":"Release sync with 0.9.5"}