{"type":"archetype","name":"swt","title":"Default archetype for SWT applications","license":"Apache Software License 2.0","version":"1.0","source":"https://github.com/griffon/griffon-swt-archetype","documentation":"","griffonVersion":"0.9.5 > *","description":"Brief description of SWT.\n\nUsage\n----\nSimply specify the name of the archetype (*swt*) when invoking the `create-app`\ncommand, like this\n\n    griffon create-app sample -archetype=swt\n\nConfiguration\n-------------\nThere's no additional configuration required by this archetype.'","authors":[{"name":"Andres Almiray","email":"aalmiray@yahoo.com"}],"dependencies":[],"checksum":"4885c72b40f5d7809d132e0188bfc11f","comment":"Release sync with 0.9.5"}